cluster,sample,pid,gene,context10,base,rep,region,info
clusterC13,EPICC_C516_B3_G9_D1,C516,CTNNB1,CTTTTACCCA,T,4,promoters,chr3_41235431_41235431_ENST00000482042.1
clusterC13,EPICC_C516_B3_G9_D1,C516,ARID1B,ATTTTTAGGG,T,5,1to5kb,chr6_156772749_156772749_ENST00000346085.10
clusterC13,EPICC_C516_B3_G9_D1,C516,ARID1B,ATTTTTAGGG,T,5,1to5kb,chr6_156772749_156772749_ENST00000346085.10
clusterC13,EPICC_C516_B3_G9_D1,C516,HDAC9,ATTTTTACAA,T,5,1to5kb,chr7_18491311_18491311_ENST00000413380.5
clusterC13,EPICC_C516_B3_G9_D1,C516,EIF3E,TAAAAATTAC,A,5,exons,chr8_108242830_108242830_ENST00000521614.5
clusterC13,EPICC_C516_B3_G9_D1,C516,KDM4C,ATTTTATAAA,T,4,1to5kb,chr9_7047682_7047682_ENST00000495890.1
clusterC13,EPICC_C516_B3_G9_D1,C516,NCOR2,CAAAGTGGCA,A,3,1to5kb,chr12_124522693_124522693_ENST00000420698.5
clusterC13,EPICC_C516_B3_G9_D1,C516,CHD3,CAAAAAGACT,A,5,1to5kb,chr17_7881080_7881080_ENST00000380358.9
clusterC13,EPICC_C516_B3_G9_D1,C516,KAT7,GTTTTTCTAT,T,5,1to5kb,chr17_49810577_49810577_ENST00000513171.5
clusterC13,EPICC_C516_B3_G9_D1,C516,INO80C,GAAAAATGCC,A,5,1to5kb,chr18_35491211_35491211_ENST00000591139.1
clusterC13,EPICC_C516_B3_G9_D1,C516,HDAC6,TAAAAATACA,A,5,1to5kb,chrX_48811141_48811141_ENST00000486227.5
clusterC13,EPICC_C516_B3_B1_D1,C516,CTNNB1,CTTTTACCCA,T,4,promoters,chr3_41235431_41235431_ENST00000482042.1
clusterC13,EPICC_C516_B3_B1_D1,C516,ARID1B,ATTTTTAGGG,T,5,1to5kb,chr6_156772749_156772749_ENST00000346085.10
clusterC13,EPICC_C516_B3_B1_D1,C516,ARID1B,ATTTTTAGGG,T,5,1to5kb,chr6_156772749_156772749_ENST00000346085.10
clusterC13,EPICC_C516_B3_B1_D1,C516,HDAC9,ATTTTTACAA,T,5,1to5kb,chr7_18491311_18491311_ENST00000413380.5
clusterC13,EPICC_C516_B3_B1_D1,C516,EIF3E,TAAAAATTAC,A,5,exons,chr8_108242830_108242830_ENST00000521614.5
clusterC13,EPICC_C516_B3_B1_D1,C516,KDM4C,ATTTTATAAA,T,4,1to5kb,chr9_7047682_7047682_ENST00000495890.1
clusterC13,EPICC_C516_B3_B1_D1,C516,NCOR2,CAAAGTGGCA,A,3,1to5kb,chr12_124522693_124522693_ENST00000420698.5
clusterC13,EPICC_C516_B3_B1_D1,C516,CHD3,CAAAAAGACT,A,5,1to5kb,chr17_7881080_7881080_ENST00000380358.9
clusterC13,EPICC_C516_B3_B1_D1,C516,KAT7,GTTTTTCTAT,T,5,1to5kb,chr17_49810577_49810577_ENST00000513171.5
clusterC13,EPICC_C516_B3_B1_D1,C516,INO80C,GAAAAATGCC,A,5,1to5kb,chr18_35491211_35491211_ENST00000591139.1
clusterC13,EPICC_C516_B3_B1_D1,C516,HDAC6,TAAAAATACA,A,5,1to5kb,chrX_48811141_48811141_ENST00000486227.5
clusterC13,EPICC_C516_D1_G5_D1,C516,CHD3,CAAAAAGACT,A,5,1to5kb,chr17_7881080_7881080_ENST00000380358.9
clusterC13,EPICC_C516_A1_B1_D1,C516,CTNNB1,CTTTTACCCA,T,4,promoters,chr3_41235431_41235431_ENST00000482042.1
clusterC13,EPICC_C516_A1_B1_D1,C516,ARID1B,ATTTTTAGGG,T,5,1to5kb,chr6_156772749_156772749_ENST00000346085.10
clusterC13,EPICC_C516_A1_B1_D1,C516,ARID1B,ATTTTTAGGG,T,5,1to5kb,chr6_156772749_156772749_ENST00000346085.10
clusterC13,EPICC_C516_A1_B1_D1,C516,HDAC9,ATTTTTACAA,T,5,1to5kb,chr7_18491311_18491311_ENST00000413380.5
clusterC13,EPICC_C516_A1_B1_D1,C516,EIF3E,TAAAAATTAC,A,5,exons,chr8_108242830_108242830_ENST00000521614.5
clusterC13,EPICC_C516_A1_B1_D1,C516,KDM4C,ATTTTATAAA,T,4,1to5kb,chr9_7047682_7047682_ENST00000495890.1
clusterC13,EPICC_C516_A1_B1_D1,C516,NCOR2,CAAAGTGGCA,A,3,1to5kb,chr12_124522693_124522693_ENST00000420698.5
clusterC13,EPICC_C516_A1_B1_D1,C516,CHD3,CAAAAAGACT,A,5,1to5kb,chr17_7881080_7881080_ENST00000380358.9
clusterC13,EPICC_C516_A1_B1_D1,C516,KAT7,GTTTTTCTAT,T,5,1to5kb,chr17_49810577_49810577_ENST00000513171.5
clusterC13,EPICC_C516_A1_B1_D1,C516,INO80C,GAAAAATGCC,A,5,1to5kb,chr18_35491211_35491211_ENST00000591139.1
clusterC13,EPICC_C516_A1_B1_D1,C516,HDAC6,TAAAAATACA,A,5,1to5kb,chrX_48811141_48811141_ENST00000486227.5
clusterC13,EPICC_C516_B1_G7_D1,C516,CTNNB1,CTTTTACCCA,T,4,promoters,chr3_41235431_41235431_ENST00000482042.1
clusterC13,EPICC_C516_B1_G7_D1,C516,ARID1B,ATTTTTAGGG,T,5,1to5kb,chr6_156772749_156772749_ENST00000346085.10
clusterC13,EPICC_C516_B1_G7_D1,C516,ARID1B,ATTTTTAGGG,T,5,1to5kb,chr6_156772749_156772749_ENST00000346085.10
clusterC13,EPICC_C516_B1_G7_D1,C516,HDAC9,ATTTTTACAA,T,5,1to5kb,chr7_18491311_18491311_ENST00000413380.5
clusterC13,EPICC_C516_B1_G7_D1,C516,EIF3E,TAAAAATTAC,A,5,exons,chr8_108242830_108242830_ENST00000521614.5
clusterC13,EPICC_C516_B1_G7_D1,C516,KDM4C,ATTTTATAAA,T,4,1to5kb,chr9_7047682_7047682_ENST00000495890.1
clusterC13,EPICC_C516_B1_G7_D1,C516,NCOR2,CAAAGTGGCA,A,3,1to5kb,chr12_124522693_124522693_ENST00000420698.5
clusterC13,EPICC_C516_B1_G7_D1,C516,CHD3,CAAAAAGACT,A,5,1to5kb,chr17_7881080_7881080_ENST00000380358.9
clusterC13,EPICC_C516_B1_G7_D1,C516,KAT7,GTTTTTCTAT,T,5,1to5kb,chr17_49810577_49810577_ENST00000513171.5
clusterC13,EPICC_C516_B1_G7_D1,C516,INO80C,GAAAAATGCC,A,5,1to5kb,chr18_35491211_35491211_ENST00000591139.1
clusterC13,EPICC_C516_B1_G7_D1,C516,HDAC6,TAAAAATACA,A,5,1to5kb,chrX_48811141_48811141_ENST00000486227.5
clusterC13,EPICC_C516_A1_G1_D1,C516,CTNNB1,CTTTTACCCA,T,4,promoters,chr3_41235431_41235431_ENST00000482042.1
clusterC13,EPICC_C516_A1_G1_D1,C516,ARID1B,ATTTTTAGGG,T,5,1to5kb,chr6_156772749_156772749_ENST00000346085.10
clusterC13,EPICC_C516_A1_G1_D1,C516,ARID1B,ATTTTTAGGG,T,5,1to5kb,chr6_156772749_156772749_ENST00000346085.10
clusterC13,EPICC_C516_A1_G1_D1,C516,HDAC9,ATTTTTACAA,T,5,1to5kb,chr7_18491311_18491311_ENST00000413380.5
clusterC13,EPICC_C516_A1_G1_D1,C516,EIF3E,TAAAAATTAC,A,5,exons,chr8_108242830_108242830_ENST00000521614.5
clusterC13,EPICC_C516_A1_G1_D1,C516,KDM4C,ATTTTATAAA,T,4,1to5kb,chr9_7047682_7047682_ENST00000495890.1
clusterC13,EPICC_C516_A1_G1_D1,C516,NCOR2,CAAAGTGGCA,A,3,1to5kb,chr12_124522693_124522693_ENST00000420698.5
clusterC13,EPICC_C516_A1_G1_D1,C516,CHD3,CAAAAAGACT,A,5,1to5kb,chr17_7881080_7881080_ENST00000380358.9
clusterC13,EPICC_C516_A1_G1_D1,C516,KAT7,GTTTTTCTAT,T,5,1to5kb,chr17_49810577_49810577_ENST00000513171.5
clusterC13,EPICC_C516_A1_G1_D1,C516,INO80C,GAAAAATGCC,A,5,1to5kb,chr18_35491211_35491211_ENST00000591139.1
clusterC13,EPICC_C516_A1_G1_D1,C516,HDAC6,TAAAAATACA,A,5,1to5kb,chrX_48811141_48811141_ENST00000486227.5
clusterC13,EPICC_C516_C1_G8_D1,C516,CHD3,CAAAAAGACT,A,5,1to5kb,chr17_7881080_7881080_ENST00000380358.9
clusterC2,EPICC_C516_D1_G5_D1,C516,TAF1,GTTTTTCTAG,T,5,promoters,chrX_71423855_71423855_ENST00000492404.5
clusterC16,EPICC_C516_B3_G9_D1,C516,NIN,TAAAAGGGCT,A,4,exons,chr14_50772142_50772142_ENST00000474937.1
clusterC16,EPICC_C516_B3_B1_D1,C516,NIN,TAAAAGGGCT,A,4,exons,chr14_50772142_50772142_ENST00000474937.1
clusterC16,EPICC_C516_D1_G5_D1,C516,NIN,TAAAAGGGCT,A,4,exons,chr14_50772142_50772142_ENST00000474937.1
clusterC16,EPICC_C516_A1_B1_D1,C516,NIN,TAAAAGGGCT,A,4,exons,chr14_50772142_50772142_ENST00000474937.1
clusterC16,EPICC_C516_B1_G7_D1,C516,NIN,TAAAAGGGCT,A,4,exons,chr14_50772142_50772142_ENST00000474937.1
clusterC16,EPICC_C516_A1_G1_D1,C516,NIN,TAAAAGGGCT,A,4,exons,chr14_50772142_50772142_ENST00000474937.1
clusterC16,EPICC_C516_C1_G8_D1,C516,NIN,TAAAAGGGCT,A,4,exons,chr14_50772142_50772142_ENST00000474937.1
clusterC16,EPICC_C516_C1_G3_D1,C516,NIN,TAAAAGGGCT,A,4,exons,chr14_50772142_50772142_ENST00000474937.1
clusterC16,EPICC_C516_E1_B1_D1,C516,NIN,TAAAAGGGCT,A,4,exons,chr14_50772142_50772142_ENST00000474937.1
clusterC4,EPICC_C516_D1_G5_D1,C516,GRIN2A,ATTTTTAGTA,T,5,1to5kb,chr16_9772547_9772547_ENST00000463531.1
clusterC4,EPICC_C516_A1_B1_D1,C516,GRIN2A,ATTTTTAGTA,T,5,1to5kb,chr16_9772547_9772547_ENST00000463531.1
clusterC4,EPICC_C516_C1_G8_D1,C516,GRIN2A,ATTTTTAGTA,T,5,1to5kb,chr16_9772547_9772547_ENST00000463531.1
clusterC4,EPICC_C516_C1_G3_D1,C516,GRIN2A,ATTTTTAGTA,T,5,1to5kb,chr16_9772547_9772547_ENST00000463531.1
clusterC4,EPICC_C516_E1_B1_D1,C516,GRIN2A,ATTTTTAGTA,T,5,1to5kb,chr16_9772547_9772547_ENST00000463531.1
clusterC15,EPICC_C516_B3_G9_D1,C516,TCF7L2,CTTTTTCCCC,T,5,1to5kb,chr10_113130073_113130073_ENST00000636309.1
clusterC15,EPICC_C516_B3_G9_D1,C516,PARP4,ATTTTTAGTT,T,5,1to5kb,chr13_24456196_24456196_ENST00000484989.1
clusterC15,EPICC_C516_B3_G9_D1,C516,NF1,ATTTTTGAGG,T,5,1to5kb,chr17_31336210_31336210_ENST00000584328.1
clusterC15,EPICC_C516_B3_B1_D1,C516,TCF7L2,CTTTTTCCCC,T,5,1to5kb,chr10_113130073_113130073_ENST00000636309.1
clusterC15,EPICC_C516_B3_B1_D1,C516,PARP4,ATTTTTAGTT,T,5,1to5kb,chr13_24456196_24456196_ENST00000484989.1
clusterC15,EPICC_C516_B3_B1_D1,C516,NF1,ATTTTTGAGG,T,5,1to5kb,chr17_31336210_31336210_ENST00000584328.1
clusterC15,EPICC_C516_D1_G5_D1,C516,TCF7L2,CTTTTTCCCC,T,5,1to5kb,chr10_113130073_113130073_ENST00000636309.1
clusterC15,EPICC_C516_D1_G5_D1,C516,PARP4,ATTTTTAGTT,T,5,1to5kb,chr13_24456196_24456196_ENST00000484989.1
clusterC15,EPICC_C516_D1_G5_D1,C516,NF1,ATTTTTGAGG,T,5,1to5kb,chr17_31336210_31336210_ENST00000584328.1
clusterC15,EPICC_C516_A1_B1_D1,C516,TCF7L2,CTTTTTCCCC,T,5,1to5kb,chr10_113130073_113130073_ENST00000636309.1
clusterC15,EPICC_C516_A1_B1_D1,C516,PARP4,ATTTTTAGTT,T,5,1to5kb,chr13_24456196_24456196_ENST00000484989.1
clusterC15,EPICC_C516_A1_B1_D1,C516,NF1,ATTTTTGAGG,T,5,1to5kb,chr17_31336210_31336210_ENST00000584328.1
clusterC15,EPICC_C516_B1_G7_D1,C516,TCF7L2,CTTTTTCCCC,T,5,1to5kb,chr10_113130073_113130073_ENST00000636309.1
clusterC15,EPICC_C516_B1_G7_D1,C516,PARP4,ATTTTTAGTT,T,5,1to5kb,chr13_24456196_24456196_ENST00000484989.1
clusterC15,EPICC_C516_B1_G7_D1,C516,NF1,ATTTTTGAGG,T,5,1to5kb,chr17_31336210_31336210_ENST00000584328.1
clusterC15,EPICC_C516_A1_G1_D1,C516,TCF7L2,CTTTTTCCCC,T,5,1to5kb,chr10_113130073_113130073_ENST00000636309.1
clusterC15,EPICC_C516_A1_G1_D1,C516,PARP4,ATTTTTAGTT,T,5,1to5kb,chr13_24456196_24456196_ENST00000484989.1
clusterC15,EPICC_C516_A1_G1_D1,C516,NF1,ATTTTTGAGG,T,5,1to5kb,chr17_31336210_31336210_ENST00000584328.1
clusterC15,EPICC_C516_C1_G8_D1,C516,TCF7L2,CTTTTTCCCC,T,5,1to5kb,chr10_113130073_113130073_ENST00000636309.1
clusterC15,EPICC_C516_C1_G8_D1,C516,PARP4,ATTTTTAGTT,T,5,1to5kb,chr13_24456196_24456196_ENST00000484989.1
clusterC15,EPICC_C516_C1_G8_D1,C516,NF1,ATTTTTGAGG,T,5,1to5kb,chr17_31336210_31336210_ENST00000584328.1
clusterC15,EPICC_C516_C1_G3_D1,C516,TCF7L2,CTTTTTCCCC,T,5,1to5kb,chr10_113130073_113130073_ENST00000636309.1
clusterC15,EPICC_C516_C1_G3_D1,C516,PARP4,ATTTTTAGTT,T,5,1to5kb,chr13_24456196_24456196_ENST00000484989.1
clusterC15,EPICC_C516_C1_G3_D1,C516,NF1,ATTTTTGAGG,T,5,1to5kb,chr17_31336210_31336210_ENST00000584328.1
clusterC15,EPICC_C516_E1_B1_D1,C516,PARP4,ATTTTTAGTT,T,5,1to5kb,chr13_24456196_24456196_ENST00000484989.1
clusterC5,EPICC_C516_D1_G5_D1,C516,HDAC1,GTTTTATGCC,T,4,1to5kb,chr1_32325570_32325570_ENST00000490081.5
clusterC5,EPICC_C516_D1_G5_D1,C516,UCHL5,CAAAAAGCTG,A,5,1to5kb,chr1_193026874_193026874_ENST00000449480.5
clusterC5,EPICC_C516_D1_G5_D1,C516,MTA3,CAAAACAACA,A,4,1to5kb,chr2_42693771_42693771_ENST00000472767.5
clusterC5,EPICC_C516_D1_G5_D1,C516,ELP3,ATTTTTAGTG,T,5,1to5kb,chr8_28091082_28091082_ENST00000380353.8
clusterC5,EPICC_C516_D1_G5_D1,C516,NCOR2,GAAAAAGCTA,A,5,1to5kb,chr12_124391755_124391755_ENST00000448614.1
clusterC5,EPICC_C516_D1_G5_D1,C516,INO80E,CTTTTTAGAC,T,5,1to5kb,chr16_29998564_29998564_ENST00000562291.2
clusterC5,EPICC_C516_D1_G5_D1,C516,GNAS,GAAAATGCTA,A,4,promoters,chr20_58839329_58839329_ENST00000313949.11
clusterC5,EPICC_C516_A1_B1_D1,C516,GNAS,GAAAATGCTA,A,4,promoters,chr20_58839329_58839329_ENST00000313949.11
clusterC5,EPICC_C516_A1_G1_D1,C516,NCOR2,GAAAAAGCTA,A,5,1to5kb,chr12_124391755_124391755_ENST00000448614.1
clusterC5,EPICC_C516_C1_G8_D1,C516,HDAC1,GTTTTATGCC,T,4,1to5kb,chr1_32325570_32325570_ENST00000490081.5
clusterC5,EPICC_C516_C1_G8_D1,C516,UCHL5,CAAAAAGCTG,A,5,1to5kb,chr1_193026874_193026874_ENST00000449480.5
clusterC5,EPICC_C516_C1_G8_D1,C516,MTA3,CAAAACAACA,A,4,1to5kb,chr2_42693771_42693771_ENST00000472767.5
clusterC5,EPICC_C516_C1_G8_D1,C516,ELP3,ATTTTTAGTG,T,5,1to5kb,chr8_28091082_28091082_ENST00000380353.8
clusterC5,EPICC_C516_C1_G8_D1,C516,NCOR2,GAAAAAGCTA,A,5,1to5kb,chr12_124391755_124391755_ENST00000448614.1
clusterC5,EPICC_C516_C1_G8_D1,C516,INO80E,CTTTTTAGAC,T,5,1to5kb,chr16_29998564_29998564_ENST00000562291.2
clusterC5,EPICC_C516_C1_G8_D1,C516,GNAS,GAAAATGCTA,A,4,promoters,chr20_58839329_58839329_ENST00000313949.11
clusterC5,EPICC_C516_C1_G3_D1,C516,HDAC1,GTTTTATGCC,T,4,1to5kb,chr1_32325570_32325570_ENST00000490081.5
clusterC5,EPICC_C516_C1_G3_D1,C516,UCHL5,CAAAAAGCTG,A,5,1to5kb,chr1_193026874_193026874_ENST00000449480.5
clusterC5,EPICC_C516_C1_G3_D1,C516,MTA3,CAAAACAACA,A,4,1to5kb,chr2_42693771_42693771_ENST00000472767.5
clusterC5,EPICC_C516_C1_G3_D1,C516,ELP3,ATTTTTAGTG,T,5,1to5kb,chr8_28091082_28091082_ENST00000380353.8
clusterC5,EPICC_C516_C1_G3_D1,C516,NCOR2,GAAAAAGCTA,A,5,1to5kb,chr12_124391755_124391755_ENST00000448614.1
clusterC5,EPICC_C516_C1_G3_D1,C516,INO80E,CTTTTTAGAC,T,5,1to5kb,chr16_29998564_29998564_ENST00000562291.2
clusterC5,EPICC_C516_C1_G3_D1,C516,GNAS,GAAAATGCTA,A,4,promoters,chr20_58839329_58839329_ENST00000313949.11
clusterC5,EPICC_C516_E1_B1_D1,C516,MTA3,CAAAACAACA,A,4,1to5kb,chr2_42693771_42693771_ENST00000472767.5
clusterC8,EPICC_C516_D1_G5_D1,C516,PTEN,CAAAAAGGTA,A,5,exons,chr10_87933245_87933245_ENST00000371953.8
clusterC8,EPICC_C516_D1_G5_D1,C516,KDM5A,CTTTTATCTC,T,4,promoters,chr12_312187_312187_ENST00000535269.1
clusterC8,EPICC_C516_D1_G5_D1,C516,PRMT2,CAAAAATAAG,A,5,5UTRs,chr21_46636349_46636349_ENST00000397637.5
clusterC8,EPICC_C516_A1_B1_D1,C516,PTEN,CAAAAAGGTA,A,5,exons,chr10_87933245_87933245_ENST00000371953.8
clusterC8,EPICC_C516_A1_B1_D1,C516,KDM5A,CTTTTATCTC,T,4,promoters,chr12_312187_312187_ENST00000535269.1
clusterC8,EPICC_C516_A1_B1_D1,C516,PRMT2,CAAAAATAAG,A,5,5UTRs,chr21_46636349_46636349_ENST00000397637.5
clusterC8,EPICC_C516_C1_G8_D1,C516,PTEN,CAAAAAGGTA,A,5,exons,chr10_87933245_87933245_ENST00000371953.8
clusterC8,EPICC_C516_C1_G8_D1,C516,KDM5A,CTTTTATCTC,T,4,promoters,chr12_312187_312187_ENST00000535269.1
clusterC8,EPICC_C516_C1_G8_D1,C516,PRMT2,CAAAAATAAG,A,5,5UTRs,chr21_46636349_46636349_ENST00000397637.5
clusterC8,EPICC_C516_C1_G3_D1,C516,PTEN,CAAAAAGGTA,A,5,exons,chr10_87933245_87933245_ENST00000371953.8
clusterC8,EPICC_C516_C1_G3_D1,C516,KDM5A,CTTTTATCTC,T,4,promoters,chr12_312187_312187_ENST00000535269.1
clusterC8,EPICC_C516_C1_G3_D1,C516,PRMT2,CAAAAATAAG,A,5,5UTRs,chr21_46636349_46636349_ENST00000397637.5
clusterC11,EPICC_C516_B3_G9_D1,C516,MTA1,GTTTTTGAAT,T,5,1to5kb,chr14_105435268_105435268_ENST00000481012.5
clusterC11,EPICC_C516_B3_G9_D1,C516,USP6,GTTTTTCCTC,T,5,exons,chr17_5174998_5174998_ENST00000572949.5
clusterC11,EPICC_C516_B3_B1_D1,C516,MTA1,GTTTTTGAAT,T,5,1to5kb,chr14_105435268_105435268_ENST00000481012.5
clusterC11,EPICC_C516_B3_B1_D1,C516,USP6,GTTTTTCCTC,T,5,exons,chr17_5174998_5174998_ENST00000572949.5
clusterC11,EPICC_C516_A1_B1_D1,C516,MTA1,GTTTTTGAAT,T,5,1to5kb,chr14_105435268_105435268_ENST00000481012.5
clusterC11,EPICC_C516_A1_B1_D1,C516,USP6,GTTTTTCCTC,T,5,exons,chr17_5174998_5174998_ENST00000572949.5
clusterC11,EPICC_C516_B1_G7_D1,C516,MTA1,GTTTTTGAAT,T,5,1to5kb,chr14_105435268_105435268_ENST00000481012.5
clusterC11,EPICC_C516_B1_G7_D1,C516,USP6,GTTTTTCCTC,T,5,exons,chr17_5174998_5174998_ENST00000572949.5
clusterC11,EPICC_C516_A1_G1_D1,C516,MTA1,GTTTTTGAAT,T,5,1to5kb,chr14_105435268_105435268_ENST00000481012.5
clusterC11,EPICC_C516_A1_G1_D1,C516,USP6,GTTTTTCCTC,T,5,exons,chr17_5174998_5174998_ENST00000572949.5
clusterC11,EPICC_C516_C1_G8_D1,C516,USP6,GTTTTTCCTC,T,5,exons,chr17_5174998_5174998_ENST00000572949.5
clusterS,EPICC_C516_B3_G9_D1,C516,PRDM2,CTTTTTGTAG,T,5,1to5kb,chr1_13769786_13769786_ENST00000487453.1
clusterS,EPICC_C516_B3_G9_D1,C516,BIRC6,ATTTATTATT,T,3,1to5kb,chr2_32440750_32440750_ENST00000483194.1
clusterS,EPICC_C516_B3_G9_D1,C516,KMT2C,GAAAAAGCAA,A,5,promoters,chr7_152182660_152182660_ENST00000558665.1
clusterS,EPICC_C516_B3_G9_D1,C516,KMT2C,GAAAAAGCAA,A,5,promoters,chr7_152182660_152182660_ENST00000558665.1
clusterS,EPICC_C516_B3_G9_D1,C516,MAP2K4,GTTTTCCAGT,T,4,exons,chr17_12124992_12124992_ENST00000536413.2
clusterS,EPICC_C516_B3_G9_D1,C516,EP300,TAAAATGGAA,A,4,1to5kb,chr22_41152223_41152223_ENST00000635691.1
clusterS,EPICC_C516_B3_G9_D1,C516,EP300,TAAAATGGAA,A,4,1to5kb,chr22_41152223_41152223_ENST00000635691.1
clusterS,EPICC_C516_B3_B1_D1,C516,PRDM2,CTTTTTGTAG,T,5,1to5kb,chr1_13769786_13769786_ENST00000487453.1
clusterS,EPICC_C516_B3_B1_D1,C516,SMYD3,TAAAAACATT,A,5,exons,chr1_245953331_245953331_ENST00000366517.5
clusterS,EPICC_C516_B3_B1_D1,C516,BIRC6,ATTTATTATT,T,3,1to5kb,chr2_32440750_32440750_ENST00000483194.1
clusterS,EPICC_C516_B3_B1_D1,C516,KMT2C,GAAAAAGCAA,A,5,promoters,chr7_152182660_152182660_ENST00000558665.1
clusterS,EPICC_C516_B3_B1_D1,C516,KMT2C,GAAAAAGCAA,A,5,promoters,chr7_152182660_152182660_ENST00000558665.1
clusterS,EPICC_C516_B3_B1_D1,C516,MAP2K4,GTTTTCCAGT,T,4,exons,chr17_12124992_12124992_ENST00000536413.2
clusterS,EPICC_C516_B3_B1_D1,C516,EP300,TAAAATGGAA,A,4,1to5kb,chr22_41152223_41152223_ENST00000635691.1
clusterS,EPICC_C516_B3_B1_D1,C516,EP300,TAAAATGGAA,A,4,1to5kb,chr22_41152223_41152223_ENST00000635691.1
clusterS,EPICC_C516_D1_G5_D1,C516,PRDM2,CTTTTTGTAG,T,5,1to5kb,chr1_13769786_13769786_ENST00000487453.1
clusterS,EPICC_C516_D1_G5_D1,C516,PRMT6,GAAAAACTGG,A,5,exons,chr1_107059196_107059196_ENST00000370078.2
clusterS,EPICC_C516_D1_G5_D1,C516,BIRC6,ATTTATTATT,T,3,1to5kb,chr2_32440750_32440750_ENST00000483194.1
clusterS,EPICC_C516_D1_G5_D1,C516,EP300,TAAAATGGAA,A,4,1to5kb,chr22_41152223_41152223_ENST00000635691.1
clusterS,EPICC_C516_D1_G5_D1,C516,EP300,TAAAATGGAA,A,4,1to5kb,chr22_41152223_41152223_ENST00000635691.1
clusterS,EPICC_C516_A1_B1_D1,C516,PRMT6,GAAAAACTGG,A,5,exons,chr1_107059196_107059196_ENST00000370078.2
clusterS,EPICC_C516_A1_B1_D1,C516,SMYD3,TAAAAACATT,A,5,exons,chr1_245953331_245953331_ENST00000366517.5
clusterS,EPICC_C516_A1_B1_D1,C516,BIRC6,ATTTATTATT,T,3,1to5kb,chr2_32440750_32440750_ENST00000483194.1
clusterS,EPICC_C516_A1_B1_D1,C516,KMT2C,GAAAAAGCAA,A,5,promoters,chr7_152182660_152182660_ENST00000558665.1
clusterS,EPICC_C516_A1_B1_D1,C516,KMT2C,GAAAAAGCAA,A,5,promoters,chr7_152182660_152182660_ENST00000558665.1
clusterS,EPICC_C516_A1_B1_D1,C516,MAP2K4,GTTTTCCAGT,T,4,exons,chr17_12124992_12124992_ENST00000536413.2
clusterS,EPICC_C516_A1_B1_D1,C516,EP300,TAAAATGGAA,A,4,1to5kb,chr22_41152223_41152223_ENST00000635691.1
clusterS,EPICC_C516_A1_B1_D1,C516,EP300,TAAAATGGAA,A,4,1to5kb,chr22_41152223_41152223_ENST00000635691.1
clusterS,EPICC_C516_A1_G1_D1,C516,PRDM2,CTTTTTGTAG,T,5,1to5kb,chr1_13769786_13769786_ENST00000487453.1
clusterS,EPICC_C516_A1_G1_D1,C516,BIRC6,ATTTATTATT,T,3,1to5kb,chr2_32440750_32440750_ENST00000483194.1
clusterS,EPICC_C516_A1_G1_D1,C516,KMT2C,GAAAAAGCAA,A,5,promoters,chr7_152182660_152182660_ENST00000558665.1
clusterS,EPICC_C516_A1_G1_D1,C516,KMT2C,GAAAAAGCAA,A,5,promoters,chr7_152182660_152182660_ENST00000558665.1
clusterS,EPICC_C516_A1_G1_D1,C516,MAP2K4,GTTTTCCAGT,T,4,exons,chr17_12124992_12124992_ENST00000536413.2
clusterS,EPICC_C516_A1_G1_D1,C516,EP300,TAAAATGGAA,A,4,1to5kb,chr22_41152223_41152223_ENST00000635691.1
clusterS,EPICC_C516_A1_G1_D1,C516,EP300,TAAAATGGAA,A,4,1to5kb,chr22_41152223_41152223_ENST00000635691.1
clusterS,EPICC_C516_B1_G7_D1,C516,SMYD3,TAAAAACATT,A,5,exons,chr1_245953331_245953331_ENST00000366517.5
clusterS,EPICC_C516_B1_G7_D1,C516,BIRC6,ATTTATTATT,T,3,1to5kb,chr2_32440750_32440750_ENST00000483194.1
clusterS,EPICC_C516_B1_G7_D1,C516,KMT2C,GAAAAAGCAA,A,5,promoters,chr7_152182660_152182660_ENST00000558665.1
clusterS,EPICC_C516_B1_G7_D1,C516,KMT2C,GAAAAAGCAA,A,5,promoters,chr7_152182660_152182660_ENST00000558665.1
clusterS,EPICC_C516_B1_G7_D1,C516,MAP2K4,GTTTTCCAGT,T,4,exons,chr17_12124992_12124992_ENST00000536413.2
clusterS,EPICC_C516_B1_G7_D1,C516,EP300,TAAAATGGAA,A,4,1to5kb,chr22_41152223_41152223_ENST00000635691.1
clusterS,EPICC_C516_B1_G7_D1,C516,EP300,TAAAATGGAA,A,4,1to5kb,chr22_41152223_41152223_ENST00000635691.1
clusterS,EPICC_C516_E1_B1_D1,C516,PRDM2,CTTTTTGTAG,T,5,1to5kb,chr1_13769786_13769786_ENST00000487453.1
clusterS,EPICC_C516_E1_B1_D1,C516,PRMT6,GAAAAACTGG,A,5,exons,chr1_107059196_107059196_ENST00000370078.2
clusterS,EPICC_C516_E1_B1_D1,C516,BIRC6,ATTTATTATT,T,3,1to5kb,chr2_32440750_32440750_ENST00000483194.1
clusterS,EPICC_C516_C1_G8_D1,C516,PRMT6,GAAAAACTGG,A,5,exons,chr1_107059196_107059196_ENST00000370078.2
clusterS,EPICC_C516_C1_G8_D1,C516,BIRC6,ATTTATTATT,T,3,1to5kb,chr2_32440750_32440750_ENST00000483194.1
clusterS,EPICC_C516_C1_G8_D1,C516,EP300,TAAAATGGAA,A,4,1to5kb,chr22_41152223_41152223_ENST00000635691.1
clusterS,EPICC_C516_C1_G8_D1,C516,EP300,TAAAATGGAA,A,4,1to5kb,chr22_41152223_41152223_ENST00000635691.1
clusterS,EPICC_C516_C1_G3_D1,C516,PRMT6,GAAAAACTGG,A,5,exons,chr1_107059196_107059196_ENST00000370078.2
clusterS,EPICC_C516_C1_G3_D1,C516,BIRC6,ATTTATTATT,T,3,1to5kb,chr2_32440750_32440750_ENST00000483194.1
clusterS,EPICC_C516_C1_G3_D1,C516,EP300,TAAAATGGAA,A,4,1to5kb,chr22_41152223_41152223_ENST00000635691.1
clusterS,EPICC_C516_C1_G3_D1,C516,EP300,TAAAATGGAA,A,4,1to5kb,chr22_41152223_41152223_ENST00000635691.1
clusterC12,EPICC_C516_B3_G9_D1,C516,RBBP4,ATTTTTGTAT,T,5,1to5kb,chr1_32648825_32648825_ENST00000414241.7
clusterC12,EPICC_C516_B3_B1_D1,C516,RBBP4,ATTTTTGTAT,T,5,1to5kb,chr1_32648825_32648825_ENST00000414241.7
clusterC12,EPICC_C516_A1_B1_D1,C516,RBBP4,ATTTTTGTAT,T,5,1to5kb,chr1_32648825_32648825_ENST00000414241.7
clusterC12,EPICC_C516_B1_G7_D1,C516,RBBP4,ATTTTTGTAT,T,5,1to5kb,chr1_32648825_32648825_ENST00000414241.7
clusterC12,EPICC_C516_A1_G1_D1,C516,RBBP4,ATTTTTGTAT,T,5,1to5kb,chr1_32648825_32648825_ENST00000414241.7
clusterC16,EPICC_C518_A1_G6_D1,C518,KAT6B,TAAAAACACC,A,5,exons,chr10_74961415_74961415_ENST00000649442.1
clusterC16,EPICC_C518_B1_G8_D1,C518,KAT6B,TAAAAACACC,A,5,exons,chr10_74961415_74961415_ENST00000649442.1
clusterC16,EPICC_C518_A1_G2_D1,C518,KAT6B,TAAAAACACC,A,5,exons,chr10_74961415_74961415_ENST00000649442.1
clusterC16,EPICC_C518_A1_G4_D1,C518,KAT6B,TAAAAACACC,A,5,exons,chr10_74961415_74961415_ENST00000649442.1
clusterC16,EPICC_C518_D1_G6_D1,C518,KAT6B,TAAAAACACC,A,5,exons,chr10_74961415_74961415_ENST00000649442.1
clusterC16,EPICC_C518_B1_G6_D1,C518,KAT6B,TAAAAACACC,A,5,exons,chr10_74961415_74961415_ENST00000649442.1
clusterC16,EPICC_C518_D1_G8_D1,C518,KAT6B,TAAAAACACC,A,5,exons,chr10_74961415_74961415_ENST00000649442.1
clusterC16,EPICC_C518_B1_G7_D1,C518,KAT6B,TAAAAACACC,A,5,exons,chr10_74961415_74961415_ENST00000649442.1
clusterC16,EPICC_C518_C1_G8_D1,C518,KAT6B,TAAAAACACC,A,5,exons,chr10_74961415_74961415_ENST00000649442.1
clusterC4,EPICC_C518_A1_G6_D1,C518,KRAS,GAAAATGTGC,A,4,1to5kb,chr12_25252242_25252242_ENST00000256078.9
clusterC4,EPICC_C518_D1_G6_D1,C518,FAT4,GAAAAATGTA,A,5,exons,chr4_125479859_125479859_ENST00000394329.7
clusterC4,EPICC_C518_D1_G6_D1,C518,KRAS,GAAAATGTGC,A,4,1to5kb,chr12_25252242_25252242_ENST00000256078.9
clusterC4,EPICC_C518_D1_G8_D1,C518,FAT4,GAAAAATGTA,A,5,exons,chr4_125479859_125479859_ENST00000394329.7
clusterC4,EPICC_C518_D1_G8_D1,C518,KRAS,GAAAATGTGC,A,4,1to5kb,chr12_25252242_25252242_ENST00000256078.9
clusterC9,EPICC_C518_A1_G6_D1,C518,MBD4,ATTTTGCTAG,T,4,1to5kb,chr3_129442801_129442801_ENST00000429544.6
clusterC9,EPICC_C518_A1_G6_D1,C518,EP300,CTTTTCGCCC,T,4,promoters,chr22_41092564_41092564_ENST00000263253.9
clusterC9,EPICC_C518_A1_G6_D1,C518,EP300,CTTTTCGCCC,T,4,promoters,chr22_41092564_41092564_ENST00000263253.9
clusterC9,EPICC_C518_B1_G8_D1,C518,MBD4,ATTTTGCTAG,T,4,1to5kb,chr3_129442801_129442801_ENST00000429544.6
clusterC9,EPICC_C518_B1_G8_D1,C518,EP300,CTTTTCGCCC,T,4,promoters,chr22_41092564_41092564_ENST00000263253.9
clusterC9,EPICC_C518_B1_G8_D1,C518,EP300,CTTTTCGCCC,T,4,promoters,chr22_41092564_41092564_ENST00000263253.9
clusterC9,EPICC_C518_A1_G4_D1,C518,MBD4,ATTTTGCTAG,T,4,1to5kb,chr3_129442801_129442801_ENST00000429544.6
clusterC9,EPICC_C518_A1_G4_D1,C518,EP300,CTTTTCGCCC,T,4,promoters,chr22_41092564_41092564_ENST00000263253.9
clusterC9,EPICC_C518_A1_G4_D1,C518,EP300,CTTTTCGCCC,T,4,promoters,chr22_41092564_41092564_ENST00000263253.9
clusterC9,EPICC_C518_B1_G6_D1,C518,MBD4,ATTTTGCTAG,T,4,1to5kb,chr3_129442801_129442801_ENST00000429544.6
clusterC9,EPICC_C518_B1_G6_D1,C518,EP300,CTTTTCGCCC,T,4,promoters,chr22_41092564_41092564_ENST00000263253.9
clusterC9,EPICC_C518_B1_G6_D1,C518,EP300,CTTTTCGCCC,T,4,promoters,chr22_41092564_41092564_ENST00000263253.9
clusterC9,EPICC_C518_D1_G8_D1,C518,MBD4,ATTTTGCTAG,T,4,1to5kb,chr3_129442801_129442801_ENST00000429544.6
clusterC9,EPICC_C518_B1_G7_D1,C518,MBD4,ATTTTGCTAG,T,4,1to5kb,chr3_129442801_129442801_ENST00000429544.6
clusterC9,EPICC_C518_B1_G7_D1,C518,EP300,CTTTTCGCCC,T,4,promoters,chr22_41092564_41092564_ENST00000263253.9
clusterC9,EPICC_C518_B1_G7_D1,C518,EP300,CTTTTCGCCC,T,4,promoters,chr22_41092564_41092564_ENST00000263253.9
clusterC9,EPICC_C518_C1_G8_D1,C518,MBD4,ATTTTGCTAG,T,4,1to5kb,chr3_129442801_129442801_ENST00000429544.6
clusterC9,EPICC_C518_C1_G8_D1,C518,EP300,CTTTTCGCCC,T,4,promoters,chr22_41092564_41092564_ENST00000263253.9
clusterC9,EPICC_C518_C1_G8_D1,C518,EP300,CTTTTCGCCC,T,4,promoters,chr22_41092564_41092564_ENST00000263253.9
clusterC7,EPICC_C518_A1_G6_D1,C518,KDM3B,TAAAAATGTC,A,5,promoters,chr5_138372258_138372258_ENST00000510866.5
clusterC7,EPICC_C518_A1_G4_D1,C518,KDM3B,TAAAAATGTC,A,5,promoters,chr5_138372258_138372258_ENST00000510866.5
clusterC7,EPICC_C518_D1_G8_D1,C518,KDM3B,TAAAAATGTC,A,5,promoters,chr5_138372258_138372258_ENST00000510866.5
clusterC5,EPICC_C518_B1_G6_D1,C518,NIN,GAAAAAGGCA,A,5,1to5kb,chr14_50747259_50747259_ENST00000480476.1
clusterS,EPICC_C518_A1_G6_D1,C518,SMYD3,TAAAGGACCA,A,3,5UTRs,chr1_246483593_246483593_ENST00000455277.2
clusterS,EPICC_C518_A1_G6_D1,C518,BIRC6,GAAAAATCAT,A,5,1to5kb,chr2_32441329_32441329_ENST00000483194.1
clusterS,EPICC_C518_A1_G6_D1,C518,TET2,ATTTTTGGTA,T,5,exons,chr4_105235494_105235494_ENST00000305737.6
clusterS,EPICC_C518_A1_G6_D1,C518,HDAC9,CAATTTTTTT,A,2,1to5kb,chr7_18506566_18506566_ENST00000456174.6
clusterS,EPICC_C518_A1_G6_D1,C518,ELP3,GTTTTTATGT,T,5,1to5kb,chr8_28124548_28124548_ENST00000520011.1
clusterS,EPICC_C518_A1_G6_D1,C518,NIN,TAAAACGTGG,A,4,1to5kb,chr14_50835251_50835251_ENST00000245441.9
clusterS,EPICC_C518_A1_G6_D1,C518,PPP2R1A,ATTTTAGGCG,T,4,1to5kb,chr19_52208882_52208882_ENST00000462047.1
clusterS,EPICC_C518_B1_G8_D1,C518,SMYD3,TAAAGGACCA,A,3,5UTRs,chr1_246483593_246483593_ENST00000455277.2
clusterS,EPICC_C518_B1_G8_D1,C518,BIRC6,GAAAAATCAT,A,5,1to5kb,chr2_32441329_32441329_ENST00000483194.1
clusterS,EPICC_C518_B1_G8_D1,C518,TET2,ATTTTTGGTA,T,5,exons,chr4_105235494_105235494_ENST00000305737.6
clusterS,EPICC_C518_B1_G8_D1,C518,HDAC9,CAATTTTTTT,A,2,1to5kb,chr7_18506566_18506566_ENST00000456174.6
clusterS,EPICC_C518_B1_G8_D1,C518,ELP3,GTTTTTATGT,T,5,1to5kb,chr8_28124548_28124548_ENST00000520011.1
clusterS,EPICC_C518_B1_G8_D1,C518,NIN,TAAAACGTGG,A,4,1to5kb,chr14_50835251_50835251_ENST00000245441.9
clusterS,EPICC_C518_B1_G8_D1,C518,PPP2R1A,ATTTTAGGCG,T,4,1to5kb,chr19_52208882_52208882_ENST00000462047.1
clusterS,EPICC_C518_A1_G2_D1,C518,SMYD3,TAAAGGACCA,A,3,5UTRs,chr1_246483593_246483593_ENST00000455277.2
clusterS,EPICC_C518_A1_G2_D1,C518,HDAC9,CAATTTTTTT,A,2,1to5kb,chr7_18506566_18506566_ENST00000456174.6
clusterS,EPICC_C518_A1_G2_D1,C518,NIN,TAAAACGTGG,A,4,1to5kb,chr14_50835251_50835251_ENST00000245441.9
clusterS,EPICC_C518_A1_G2_D1,C518,PPP2R1A,ATTTTAGGCG,T,4,1to5kb,chr19_52208882_52208882_ENST00000462047.1
clusterS,EPICC_C518_A1_G4_D1,C518,SMYD3,TAAAGGACCA,A,3,5UTRs,chr1_246483593_246483593_ENST00000455277.2
clusterS,EPICC_C518_A1_G4_D1,C518,BIRC6,GAAAAATCAT,A,5,1to5kb,chr2_32441329_32441329_ENST00000483194.1
clusterS,EPICC_C518_A1_G4_D1,C518,TET2,ATTTTTGGTA,T,5,exons,chr4_105235494_105235494_ENST00000305737.6
clusterS,EPICC_C518_A1_G4_D1,C518,HDAC9,CAATTTTTTT,A,2,1to5kb,chr7_18506566_18506566_ENST00000456174.6
clusterS,EPICC_C518_A1_G4_D1,C518,ELP3,GTTTTTATGT,T,5,1to5kb,chr8_28124548_28124548_ENST00000520011.1
clusterS,EPICC_C518_A1_G4_D1,C518,NIN,TAAAACGTGG,A,4,1to5kb,chr14_50835251_50835251_ENST00000245441.9
clusterS,EPICC_C518_A1_G4_D1,C518,PPP2R1A,ATTTTAGGCG,T,4,1to5kb,chr19_52208882_52208882_ENST00000462047.1
clusterS,EPICC_C518_D1_G6_D1,C518,SMYD3,TAAAGGACCA,A,3,5UTRs,chr1_246483593_246483593_ENST00000455277.2
clusterS,EPICC_C518_D1_G6_D1,C518,BIRC6,GAAAAATCAT,A,5,1to5kb,chr2_32441329_32441329_ENST00000483194.1
clusterS,EPICC_C518_D1_G6_D1,C518,TET2,ATTTTTGGTA,T,5,exons,chr4_105235494_105235494_ENST00000305737.6
clusterS,EPICC_C518_D1_G6_D1,C518,HDAC9,CAATTTTTTT,A,2,1to5kb,chr7_18506566_18506566_ENST00000456174.6
clusterS,EPICC_C518_D1_G6_D1,C518,ELP3,GTTTTTATGT,T,5,1to5kb,chr8_28124548_28124548_ENST00000520011.1
clusterS,EPICC_C518_D1_G6_D1,C518,NIN,TAAAACGTGG,A,4,1to5kb,chr14_50835251_50835251_ENST00000245441.9
clusterS,EPICC_C518_B1_G6_D1,C518,SMYD3,TAAAGGACCA,A,3,5UTRs,chr1_246483593_246483593_ENST00000455277.2
clusterS,EPICC_C518_B1_G6_D1,C518,BIRC6,GAAAAATCAT,A,5,1to5kb,chr2_32441329_32441329_ENST00000483194.1
clusterS,EPICC_C518_B1_G6_D1,C518,TET2,ATTTTTGGTA,T,5,exons,chr4_105235494_105235494_ENST00000305737.6
clusterS,EPICC_C518_B1_G6_D1,C518,HDAC9,CAATTTTTTT,A,2,1to5kb,chr7_18506566_18506566_ENST00000456174.6
clusterS,EPICC_C518_B1_G6_D1,C518,ELP3,GTTTTTATGT,T,5,1to5kb,chr8_28124548_28124548_ENST00000520011.1
clusterS,EPICC_C518_B1_G6_D1,C518,NIN,TAAAACGTGG,A,4,1to5kb,chr14_50835251_50835251_ENST00000245441.9
clusterS,EPICC_C518_B1_G6_D1,C518,PPP2R1A,ATTTTAGGCG,T,4,1to5kb,chr19_52208882_52208882_ENST00000462047.1
clusterS,EPICC_C518_D1_G8_D1,C518,SMYD3,TAAAGGACCA,A,3,5UTRs,chr1_246483593_246483593_ENST00000455277.2
clusterS,EPICC_C518_D1_G8_D1,C518,BIRC6,GAAAAATCAT,A,5,1to5kb,chr2_32441329_32441329_ENST00000483194.1
clusterS,EPICC_C518_D1_G8_D1,C518,TET2,ATTTTTGGTA,T,5,exons,chr4_105235494_105235494_ENST00000305737.6
clusterS,EPICC_C518_D1_G8_D1,C518,HDAC9,CAATTTTTTT,A,2,1to5kb,chr7_18506566_18506566_ENST00000456174.6
clusterS,EPICC_C518_D1_G8_D1,C518,ELP3,GTTTTTATGT,T,5,1to5kb,chr8_28124548_28124548_ENST00000520011.1
clusterS,EPICC_C518_D1_G8_D1,C518,NIN,TAAAACGTGG,A,4,1to5kb,chr14_50835251_50835251_ENST00000245441.9
clusterS,EPICC_C518_D1_G8_D1,C518,PPP2R1A,ATTTTAGGCG,T,4,1to5kb,chr19_52208882_52208882_ENST00000462047.1
clusterS,EPICC_C518_B1_G7_D1,C518,SMYD3,TAAAGGACCA,A,3,5UTRs,chr1_246483593_246483593_ENST00000455277.2
clusterS,EPICC_C518_B1_G7_D1,C518,BIRC6,GAAAAATCAT,A,5,1to5kb,chr2_32441329_32441329_ENST00000483194.1
clusterS,EPICC_C518_B1_G7_D1,C518,TET2,ATTTTTGGTA,T,5,exons,chr4_105235494_105235494_ENST00000305737.6
clusterS,EPICC_C518_B1_G7_D1,C518,HDAC9,CAATTTTTTT,A,2,1to5kb,chr7_18506566_18506566_ENST00000456174.6
clusterS,EPICC_C518_B1_G7_D1,C518,ELP3,GTTTTTATGT,T,5,1to5kb,chr8_28124548_28124548_ENST00000520011.1
clusterS,EPICC_C518_B1_G7_D1,C518,NIN,TAAAACGTGG,A,4,1to5kb,chr14_50835251_50835251_ENST00000245441.9
clusterS,EPICC_C518_B1_G7_D1,C518,PPP2R1A,ATTTTAGGCG,T,4,1to5kb,chr19_52208882_52208882_ENST00000462047.1
clusterS,EPICC_C518_C1_G10_D1,C518,SMYD3,TAAAGGACCA,A,3,5UTRs,chr1_246483593_246483593_ENST00000455277.2
clusterS,EPICC_C518_C1_G10_D1,C518,TET2,ATTTTTGGTA,T,5,exons,chr4_105235494_105235494_ENST00000305737.6
clusterS,EPICC_C518_C1_G10_D1,C518,ELP3,GTTTTTATGT,T,5,1to5kb,chr8_28124548_28124548_ENST00000520011.1
clusterS,EPICC_C518_C1_G10_D1,C518,NIN,TAAAACGTGG,A,4,1to5kb,chr14_50835251_50835251_ENST00000245441.9
clusterS,EPICC_C518_C1_G10_D1,C518,PPP2R1A,ATTTTAGGCG,T,4,1to5kb,chr19_52208882_52208882_ENST00000462047.1
clusterS,EPICC_C518_C1_G8_D1,C518,SMYD3,TAAAGGACCA,A,3,5UTRs,chr1_246483593_246483593_ENST00000455277.2
clusterS,EPICC_C518_C1_G8_D1,C518,TET2,ATTTTTGGTA,T,5,exons,chr4_105235494_105235494_ENST00000305737.6
clusterS,EPICC_C518_C1_G8_D1,C518,HDAC9,CAATTTTTTT,A,2,1to5kb,chr7_18506566_18506566_ENST00000456174.6
clusterS,EPICC_C518_C1_G8_D1,C518,ELP3,GTTTTTATGT,T,5,1to5kb,chr8_28124548_28124548_ENST00000520011.1
clusterS,EPICC_C518_C1_G8_D1,C518,NIN,TAAAACGTGG,A,4,1to5kb,chr14_50835251_50835251_ENST00000245441.9
clusterC3,EPICC_C518_B1_G8_D1,C518,ARID1B,GAAAAAGTAC,A,5,1to5kb,chr6_157195768_157195768_ENST00000636254.1
clusterC3,EPICC_C518_B1_G8_D1,C518,ARID1B,GAAAAAGTAC,A,5,1to5kb,chr6_157195768_157195768_ENST00000636254.1
clusterC3,EPICC_C518_A1_G6_D1,C518,ARID1B,GAAAAAGTAC,A,5,1to5kb,chr6_157195768_157195768_ENST00000636254.1
clusterC3,EPICC_C518_A1_G6_D1,C518,ARID1B,GAAAAAGTAC,A,5,1to5kb,chr6_157195768_157195768_ENST00000636254.1
clusterC3,EPICC_C518_D1_G6_D1,C518,ARID1B,GAAAAAGTAC,A,5,1to5kb,chr6_157195768_157195768_ENST00000636254.1
clusterC3,EPICC_C518_D1_G6_D1,C518,ARID1B,GAAAAAGTAC,A,5,1to5kb,chr6_157195768_157195768_ENST00000636254.1
clusterC3,EPICC_C518_D1_G8_D1,C518,ARID1B,GAAAAAGTAC,A,5,1to5kb,chr6_157195768_157195768_ENST00000636254.1
clusterC3,EPICC_C518_D1_G8_D1,C518,ARID1B,GAAAAAGTAC,A,5,1to5kb,chr6_157195768_157195768_ENST00000636254.1
clusterC17,EPICC_C518_A1_G6_D1,C518,PPP2R1A,TAAAAATACA,A,5,1to5kb,chr19_52188105_52188105_ENST00000490868.5
clusterC17,EPICC_C518_B1_G8_D1,C518,PPP2R1A,TAAAAATACA,A,5,1to5kb,chr19_52188105_52188105_ENST00000490868.5
clusterC17,EPICC_C518_A1_G4_D1,C518,PPP2R1A,TAAAAATACA,A,5,1to5kb,chr19_52188105_52188105_ENST00000490868.5
clusterC17,EPICC_C518_D1_G6_D1,C518,PPP2R1A,TAAAAATACA,A,5,1to5kb,chr19_52188105_52188105_ENST00000490868.5
clusterC17,EPICC_C518_B1_G6_D1,C518,PPP2R1A,TAAAAATACA,A,5,1to5kb,chr19_52188105_52188105_ENST00000490868.5
clusterC17,EPICC_C518_D1_G8_D1,C518,PPP2R1A,TAAAAATACA,A,5,1to5kb,chr19_52188105_52188105_ENST00000490868.5
clusterC17,EPICC_C518_B1_G7_D1,C518,PPP2R1A,TAAAAATACA,A,5,1to5kb,chr19_52188105_52188105_ENST00000490868.5
clusterC17,EPICC_C518_C1_G10_D1,C518,PPP2R1A,TAAAAATACA,A,5,1to5kb,chr19_52188105_52188105_ENST00000490868.5
clusterC17,EPICC_C518_C1_G8_D1,C518,PPP2R1A,TAAAAATACA,A,5,1to5kb,chr19_52188105_52188105_ENST00000490868.5
clusterS,EPICC_C536_B1_G9_D1,C536,EIF3E,GAAAAACGAG,A,5,1to5kb,chr8_108244094_108244094_ENST00000521614.5
clusterS,EPICC_C536_B1_G9_D1,C536,NIN,CTTTTCAGGG,T,4,1to5kb,chr14_50826112_50826112_ENST00000530997.6
clusterS,EPICC_C536_B1_G9_D1,C536,SMAD3,CAAAAAGCTA,A,5,promoters,chr15_67124941_67124941_ENST00000540846.6
clusterS,EPICC_C536_B1_G9_D1,C536,INO80C,CAAAAATTAA,A,5,exons,chr18_35454365_35454365_ENST00000592173.5
clusterS,EPICC_C536_B1_G1_D1,C536,EIF3E,GAAAAACGAG,A,5,1to5kb,chr8_108244094_108244094_ENST00000521614.5
clusterS,EPICC_C536_B1_G1_D1,C536,NIN,CTTTTCAGGG,T,4,1to5kb,chr14_50826112_50826112_ENST00000530997.6
clusterS,EPICC_C536_B1_G1_D1,C536,SMAD3,CAAAAAGCTA,A,5,promoters,chr15_67124941_67124941_ENST00000540846.6
clusterS,EPICC_C536_B1_G1_D1,C536,INO80C,CAAAAATTAA,A,5,exons,chr18_35454365_35454365_ENST00000592173.5
clusterS,EPICC_C536_C1_B1_D1,C536,NIN,CTTTTCAGGG,T,4,1to5kb,chr14_50826112_50826112_ENST00000530997.6
clusterS,EPICC_C536_C1_B1_D1,C536,SMAD3,CAAAAAGCTA,A,5,promoters,chr15_67124941_67124941_ENST00000540846.6
clusterS,EPICC_C536_C1_B1_D1,C536,INO80C,CAAAAATTAA,A,5,exons,chr18_35454365_35454365_ENST00000592173.5
clusterS,EPICC_C536_B1_G4_D1,C536,EIF3E,GAAAAACGAG,A,5,1to5kb,chr8_108244094_108244094_ENST00000521614.5
clusterS,EPICC_C536_B1_G4_D1,C536,NIN,CTTTTCAGGG,T,4,1to5kb,chr14_50826112_50826112_ENST00000530997.6
clusterS,EPICC_C536_B1_G4_D1,C536,SMAD3,CAAAAAGCTA,A,5,promoters,chr15_67124941_67124941_ENST00000540846.6
clusterS,EPICC_C536_B1_G4_D1,C536,INO80C,CAAAAATTAA,A,5,exons,chr18_35454365_35454365_ENST00000592173.5
clusterS,EPICC_C536_D1_G1_D1,C536,NIN,CTTTTCAGGG,T,4,1to5kb,chr14_50826112_50826112_ENST00000530997.6
clusterS,EPICC_C536_D1_G1_D1,C536,SMAD3,CAAAAAGCTA,A,5,promoters,chr15_67124941_67124941_ENST00000540846.6
clusterS,EPICC_C536_D1_G1_D1,C536,INO80C,CAAAAATTAA,A,5,exons,chr18_35454365_35454365_ENST00000592173.5
clusterS,EPICC_C536_D1_G9_D1,C536,NIN,CTTTTCAGGG,T,4,1to5kb,chr14_50826112_50826112_ENST00000530997.6
clusterS,EPICC_C536_D1_G9_D1,C536,SMAD3,CAAAAAGCTA,A,5,promoters,chr15_67124941_67124941_ENST00000540846.6
clusterS,EPICC_C536_D1_G9_D1,C536,INO80C,CAAAAATTAA,A,5,exons,chr18_35454365_35454365_ENST00000592173.5
clusterS,EPICC_C536_B1_G6_D1,C536,EIF3E,GAAAAACGAG,A,5,1to5kb,chr8_108244094_108244094_ENST00000521614.5
clusterS,EPICC_C536_B1_G6_D1,C536,NIN,CTTTTCAGGG,T,4,1to5kb,chr14_50826112_50826112_ENST00000530997.6
clusterS,EPICC_C536_B1_G6_D1,C536,SMAD3,CAAAAAGCTA,A,5,promoters,chr15_67124941_67124941_ENST00000540846.6
clusterS,EPICC_C536_B1_G6_D1,C536,INO80C,CAAAAATTAA,A,5,exons,chr18_35454365_35454365_ENST00000592173.5
clusterS,EPICC_C536_D1_G4_D1,C536,EIF3E,GAAAAACGAG,A,5,1to5kb,chr8_108244094_108244094_ENST00000521614.5
clusterS,EPICC_C536_D1_G4_D1,C536,NIN,CTTTTCAGGG,T,4,1to5kb,chr14_50826112_50826112_ENST00000530997.6
clusterS,EPICC_C536_D1_G4_D1,C536,SMAD3,CAAAAAGCTA,A,5,promoters,chr15_67124941_67124941_ENST00000540846.6
clusterS,EPICC_C536_D1_G4_D1,C536,INO80C,CAAAAATTAA,A,5,exons,chr18_35454365_35454365_ENST00000592173.5
clusterS,EPICC_C536_D1_G8_D1,C536,NIN,CTTTTCAGGG,T,4,1to5kb,chr14_50826112_50826112_ENST00000530997.6
clusterS,EPICC_C536_D1_G8_D1,C536,SMAD3,CAAAAAGCTA,A,5,promoters,chr15_67124941_67124941_ENST00000540846.6
clusterS,EPICC_C536_D1_G8_D1,C536,INO80C,CAAAAATTAA,A,5,exons,chr18_35454365_35454365_ENST00000592173.5
clusterC5,EPICC_C536_B1_G6_D1,C536,KDM3B,GTACAGGTAT,T,1,1to5kb,chr5_138420396_138420396_ENST00000505756.1
clusterC5,EPICC_C536_D1_G4_D1,C536,KDM3B,GTACAGGTAT,T,1,1to5kb,chr5_138420396_138420396_ENST00000505756.1
clusterC6,EPICC_C536_F1_B1_D1,C536,MBD2,CACCACGGCT,A,1,1to5kb,chr18_54163922_54163922_ENST00000579025.1
clusterC6,EPICC_C536_B1_G4_D1,C536,MBD2,CACCACGGCT,A,1,1to5kb,chr18_54163922_54163922_ENST00000579025.1
clusterC17,EPICC_C536_B1_G9_D1,C536,MTOR,CAAAAACAAC,A,5,1to5kb,chr1_11120651_11120651_ENST00000455339.1
clusterC17,EPICC_C536_B1_G9_D1,C536,ELP3,ATTTTTCTCT,T,5,1to5kb,chr8_28157565_28157565_ENST00000523357.5
clusterC17,EPICC_C536_B1_G9_D1,C536,BRCA2,TAAAAATGAC,A,5,exons,chr13_32337243_32337243_ENST00000380152.7
clusterC17,EPICC_C536_B1_G9_D1,C536,TP53,CAATTTTTGA,A,2,1to5kb,chr17_7678753_7678753_ENST00000413465.6
clusterC17,EPICC_C536_B1_G1_D1,C536,MTOR,CAAAAACAAC,A,5,1to5kb,chr1_11120651_11120651_ENST00000455339.1
clusterC17,EPICC_C536_B1_G1_D1,C536,ELP3,ATTTTTCTCT,T,5,1to5kb,chr8_28157565_28157565_ENST00000523357.5
clusterC17,EPICC_C536_B1_G1_D1,C536,BRCA2,TAAAAATGAC,A,5,exons,chr13_32337243_32337243_ENST00000380152.7
clusterC17,EPICC_C536_B1_G1_D1,C536,TP53,CAATTTTTGA,A,2,1to5kb,chr17_7678753_7678753_ENST00000413465.6
clusterC17,EPICC_C536_F1_B1_D1,C536,MTOR,CAAAAACAAC,A,5,1to5kb,chr1_11120651_11120651_ENST00000455339.1
clusterC17,EPICC_C536_C1_B1_D1,C536,MTOR,CAAAAACAAC,A,5,1to5kb,chr1_11120651_11120651_ENST00000455339.1
clusterC17,EPICC_C536_C1_B1_D1,C536,ELP3,ATTTTTCTCT,T,5,1to5kb,chr8_28157565_28157565_ENST00000523357.5
clusterC17,EPICC_C536_C1_B1_D1,C536,BRCA2,TAAAAATGAC,A,5,exons,chr13_32337243_32337243_ENST00000380152.7
clusterC17,EPICC_C536_C1_B1_D1,C536,TP53,CAATTTTTGA,A,2,1to5kb,chr17_7678753_7678753_ENST00000413465.6
clusterC17,EPICC_C536_B1_G4_D1,C536,MTOR,CAAAAACAAC,A,5,1to5kb,chr1_11120651_11120651_ENST00000455339.1
clusterC17,EPICC_C536_B1_G4_D1,C536,ELP3,ATTTTTCTCT,T,5,1to5kb,chr8_28157565_28157565_ENST00000523357.5
clusterC17,EPICC_C536_B1_G4_D1,C536,BRCA2,TAAAAATGAC,A,5,exons,chr13_32337243_32337243_ENST00000380152.7
clusterC17,EPICC_C536_B1_G4_D1,C536,TP53,CAATTTTTGA,A,2,1to5kb,chr17_7678753_7678753_ENST00000413465.6
clusterC17,EPICC_C536_D1_G1_D1,C536,MTOR,CAAAAACAAC,A,5,1to5kb,chr1_11120651_11120651_ENST00000455339.1
clusterC17,EPICC_C536_D1_G1_D1,C536,ELP3,ATTTTTCTCT,T,5,1to5kb,chr8_28157565_28157565_ENST00000523357.5
clusterC17,EPICC_C536_D1_G1_D1,C536,BRCA2,TAAAAATGAC,A,5,exons,chr13_32337243_32337243_ENST00000380152.7
clusterC17,EPICC_C536_D1_G1_D1,C536,TP53,CAATTTTTGA,A,2,1to5kb,chr17_7678753_7678753_ENST00000413465.6
clusterC17,EPICC_C536_D1_G9_D1,C536,MTOR,CAAAAACAAC,A,5,1to5kb,chr1_11120651_11120651_ENST00000455339.1
clusterC17,EPICC_C536_D1_G9_D1,C536,ELP3,ATTTTTCTCT,T,5,1to5kb,chr8_28157565_28157565_ENST00000523357.5
clusterC17,EPICC_C536_D1_G9_D1,C536,BRCA2,TAAAAATGAC,A,5,exons,chr13_32337243_32337243_ENST00000380152.7
clusterC17,EPICC_C536_D1_G9_D1,C536,TP53,CAATTTTTGA,A,2,1to5kb,chr17_7678753_7678753_ENST00000413465.6
clusterC17,EPICC_C536_B1_G6_D1,C536,MTOR,CAAAAACAAC,A,5,1to5kb,chr1_11120651_11120651_ENST00000455339.1
clusterC17,EPICC_C536_B1_G6_D1,C536,ELP3,ATTTTTCTCT,T,5,1to5kb,chr8_28157565_28157565_ENST00000523357.5
clusterC17,EPICC_C536_B1_G6_D1,C536,BRCA2,TAAAAATGAC,A,5,exons,chr13_32337243_32337243_ENST00000380152.7
clusterC17,EPICC_C536_B1_G6_D1,C536,TP53,CAATTTTTGA,A,2,1to5kb,chr17_7678753_7678753_ENST00000413465.6
clusterC17,EPICC_C536_D1_G4_D1,C536,MTOR,CAAAAACAAC,A,5,1to5kb,chr1_11120651_11120651_ENST00000455339.1
clusterC17,EPICC_C536_D1_G4_D1,C536,ELP3,ATTTTTCTCT,T,5,1to5kb,chr8_28157565_28157565_ENST00000523357.5
clusterC17,EPICC_C536_D1_G4_D1,C536,BRCA2,TAAAAATGAC,A,5,exons,chr13_32337243_32337243_ENST00000380152.7
clusterC17,EPICC_C536_D1_G4_D1,C536,TP53,CAATTTTTGA,A,2,1to5kb,chr17_7678753_7678753_ENST00000413465.6
clusterC17,EPICC_C536_D1_G8_D1,C536,MTOR,CAAAAACAAC,A,5,1to5kb,chr1_11120651_11120651_ENST00000455339.1
clusterC17,EPICC_C536_D1_G8_D1,C536,ELP3,ATTTTTCTCT,T,5,1to5kb,chr8_28157565_28157565_ENST00000523357.5
clusterC17,EPICC_C536_D1_G8_D1,C536,BRCA2,TAAAAATGAC,A,5,exons,chr13_32337243_32337243_ENST00000380152.7
clusterC17,EPICC_C536_D1_G8_D1,C536,TP53,CAATTTTTGA,A,2,1to5kb,chr17_7678753_7678753_ENST00000413465.6
clusterC17,EPICC_C536_F1_B2_D1,C536,MTOR,CAAAAACAAC,A,5,1to5kb,chr1_11120651_11120651_ENST00000455339.1
clusterC17,EPICC_C536_F1_B2_D1,C536,TP53,CAATTTTTGA,A,2,1to5kb,chr17_7678753_7678753_ENST00000413465.6
clusterC10,EPICC_C536_B1_G9_D1,C536,TGIF1,TAGTAGAGAT,A,1,1to5kb,chr18_3446363_3446363_ENST00000618001.4
clusterC10,EPICC_C536_B1_G1_D1,C536,TGIF1,TAGTAGAGAT,A,1,1to5kb,chr18_3446363_3446363_ENST00000618001.4
clusterC10,EPICC_C536_C1_B1_D1,C536,TGIF1,TAGTAGAGAT,A,1,1to5kb,chr18_3446363_3446363_ENST00000618001.4
clusterC10,EPICC_C536_B1_G4_D1,C536,TGIF1,TAGTAGAGAT,A,1,1to5kb,chr18_3446363_3446363_ENST00000618001.4
clusterC10,EPICC_C536_D1_G1_D1,C536,TGIF1,TAGTAGAGAT,A,1,1to5kb,chr18_3446363_3446363_ENST00000618001.4
clusterC10,EPICC_C536_D1_G9_D1,C536,TGIF1,TAGTAGAGAT,A,1,1to5kb,chr18_3446363_3446363_ENST00000618001.4
clusterC10,EPICC_C536_B1_G6_D1,C536,TGIF1,TAGTAGAGAT,A,1,1to5kb,chr18_3446363_3446363_ENST00000618001.4
clusterC10,EPICC_C536_D1_G4_D1,C536,TGIF1,TAGTAGAGAT,A,1,1to5kb,chr18_3446363_3446363_ENST00000618001.4
clusterC10,EPICC_C536_D1_G8_D1,C536,TGIF1,TAGTAGAGAT,A,1,1to5kb,chr18_3446363_3446363_ENST00000618001.4
clusterC4,EPICC_C536_C1_B1_D1,C536,DICER1,GAAAAAGAAT,A,5,promoters,chr14_95133514_95133514_ENST00000541352.5
clusterC4,EPICC_C536_B1_G6_D1,C536,DICER1,GAAAAAGAAT,A,5,promoters,chr14_95133514_95133514_ENST00000541352.5
clusterC14,EPICC_C548_A1_G4_D1,C548,EIF3E,TAAAACTGGC,A,4,promoters,chr8_108248796_108248796_ENST00000220849.10
clusterC14,EPICC_C548_D1_G9_D1,C548,EIF3E,TAAAACTGGC,A,4,promoters,chr8_108248796_108248796_ENST00000220849.10
clusterC14,EPICC_C548_B1_G10_D1,C548,EIF3E,TAAAACTGGC,A,4,promoters,chr8_108248796_108248796_ENST00000220849.10
clusterC14,EPICC_C548_C1_G3_D1,C548,EIF3E,TAAAACTGGC,A,4,promoters,chr8_108248796_108248796_ENST00000220849.10
clusterC14,EPICC_C548_D1_G1_D1,C548,EIF3E,TAAAACTGGC,A,4,promoters,chr8_108248796_108248796_ENST00000220849.10
clusterC14,EPICC_C548_C1_G7_D1,C548,EIF3E,TAAAACTGGC,A,4,promoters,chr8_108248796_108248796_ENST00000220849.10
clusterC14,EPICC_C548_A1_G10_D1,C548,EIF3E,TAAAACTGGC,A,4,promoters,chr8_108248796_108248796_ENST00000220849.10
clusterC14,EPICC_C548_B1_G4_D1,C548,EIF3E,TAAAACTGGC,A,4,promoters,chr8_108248796_108248796_ENST00000220849.10
clusterC11,EPICC_C548_A1_G4_D1,C548,KMT2C,ATTTTTAAGC,T,5,1to5kb,chr7_152252293_152252293_ENST00000418673.1
clusterC11,EPICC_C548_A1_G4_D1,C548,KMT2C,ATTTTTAAGC,T,5,1to5kb,chr7_152252293_152252293_ENST00000418673.1
clusterC11,EPICC_C548_D1_G9_D1,C548,KMT2C,ATTTTTAAGC,T,5,1to5kb,chr7_152252293_152252293_ENST00000418673.1
clusterC11,EPICC_C548_D1_G9_D1,C548,KMT2C,ATTTTTAAGC,T,5,1to5kb,chr7_152252293_152252293_ENST00000418673.1
clusterC11,EPICC_C548_B1_G10_D1,C548,KMT2C,ATTTTTAAGC,T,5,1to5kb,chr7_152252293_152252293_ENST00000418673.1
clusterC11,EPICC_C548_B1_G10_D1,C548,KMT2C,ATTTTTAAGC,T,5,1to5kb,chr7_152252293_152252293_ENST00000418673.1
clusterC11,EPICC_C548_C1_G3_D1,C548,KMT2C,ATTTTTAAGC,T,5,1to5kb,chr7_152252293_152252293_ENST00000418673.1
clusterC11,EPICC_C548_C1_G3_D1,C548,KMT2C,ATTTTTAAGC,T,5,1to5kb,chr7_152252293_152252293_ENST00000418673.1
clusterC11,EPICC_C548_D1_G1_D1,C548,KMT2C,ATTTTTAAGC,T,5,1to5kb,chr7_152252293_152252293_ENST00000418673.1
clusterC11,EPICC_C548_D1_G1_D1,C548,KMT2C,ATTTTTAAGC,T,5,1to5kb,chr7_152252293_152252293_ENST00000418673.1
clusterC11,EPICC_C548_C1_G7_D1,C548,KMT2C,ATTTTTAAGC,T,5,1to5kb,chr7_152252293_152252293_ENST00000418673.1
clusterC11,EPICC_C548_C1_G7_D1,C548,KMT2C,ATTTTTAAGC,T,5,1to5kb,chr7_152252293_152252293_ENST00000418673.1
clusterC11,EPICC_C548_A1_G10_D1,C548,KMT2C,ATTTTTAAGC,T,5,1to5kb,chr7_152252293_152252293_ENST00000418673.1
clusterC11,EPICC_C548_A1_G10_D1,C548,KMT2C,ATTTTTAAGC,T,5,1to5kb,chr7_152252293_152252293_ENST00000418673.1
clusterC11,EPICC_C548_B1_G4_D1,C548,KMT2C,ATTTTTAAGC,T,5,1to5kb,chr7_152252293_152252293_ENST00000418673.1
clusterC11,EPICC_C548_B1_G4_D1,C548,KMT2C,ATTTTTAAGC,T,5,1to5kb,chr7_152252293_152252293_ENST00000418673.1
clusterC12,EPICC_C548_B1_G10_D1,C548,TP53,GAAAATGCAG,A,4,exons,chr17_7668502_7668502_ENST00000504290.5
clusterC12,EPICC_C548_C1_G3_D1,C548,SMAD4,TAAAAACATA,A,5,promoters,chr18_51050495_51050495_ENST00000585448.1
clusterC12,EPICC_C548_D1_G1_D1,C548,TP53,GAAAATGCAG,A,4,exons,chr17_7668502_7668502_ENST00000504290.5
clusterC12,EPICC_C548_A1_G10_D1,C548,TP53,GAAAATGCAG,A,4,exons,chr17_7668502_7668502_ENST00000504290.5
clusterC12,EPICC_C548_A1_G10_D1,C548,SMAD4,TAAAAACATA,A,5,promoters,chr18_51050495_51050495_ENST00000585448.1
clusterC1,EPICC_C548_B1_G10_D1,C548,KMT2E,CTTTTTCTGT,T,5,1to5kb,chr7_105103412_105103412_ENST00000478079.1
clusterC10,EPICC_C548_A1_G4_D1,C548,UCHL5,GTTTTTCTCC,T,5,exons,chr1_193015133_193015133_ENST00000367455.8
clusterC10,EPICC_C548_A1_G4_D1,C548,EP300,ATTTTTGTAC,T,5,1to5kb,chr22_41136192_41136192_ENST00000634728.1
clusterC10,EPICC_C548_A1_G4_D1,C548,EP300,ATTTTTGTAC,T,5,1to5kb,chr22_41136192_41136192_ENST00000634728.1
clusterC10,EPICC_C548_D1_G9_D1,C548,UCHL5,GTTTTTCTCC,T,5,exons,chr1_193015133_193015133_ENST00000367455.8
clusterC20,EPICC_C548_A1_G4_D1,C548,HSPG2,GAAAAAGGAG,A,5,promoters,chr1_21872387_21872387_ENST00000644714.1
clusterC20,EPICC_C548_A1_G4_D1,C548,FBXW7,ATTTTTAGCA,T,5,promoters,chr4_152412107_152412107_ENST00000603841.1
clusterC20,EPICC_C548_A1_G4_D1,C548,JARID2,ATTAGCCGGG,T,2,1to5kb,chr6_15497500_15497500_ENST00000474854.1
clusterC20,EPICC_C548_A1_G4_D1,C548,NCOA3,CTTTTTATTT,T,5,1to5kb,chr20_47619794_47619794_ENST00000490248.1
clusterC20,EPICC_C548_D1_G9_D1,C548,HSPG2,GAAAAAGGAG,A,5,promoters,chr1_21872387_21872387_ENST00000644714.1
clusterC20,EPICC_C548_D1_G9_D1,C548,FBXW7,ATTTTTAGCA,T,5,promoters,chr4_152412107_152412107_ENST00000603841.1
clusterC20,EPICC_C548_D1_G9_D1,C548,JARID2,ATTAGCCGGG,T,2,1to5kb,chr6_15497500_15497500_ENST00000474854.1
clusterC20,EPICC_C548_D1_G9_D1,C548,NCOA3,CTTTTTATTT,T,5,1to5kb,chr20_47619794_47619794_ENST00000490248.1
clusterC20,EPICC_C548_B1_G10_D1,C548,HSPG2,GAAAAAGGAG,A,5,promoters,chr1_21872387_21872387_ENST00000644714.1
clusterC20,EPICC_C548_B1_G10_D1,C548,FBXW7,ATTTTTAGCA,T,5,promoters,chr4_152412107_152412107_ENST00000603841.1
clusterC20,EPICC_C548_B1_G10_D1,C548,JARID2,ATTAGCCGGG,T,2,1to5kb,chr6_15497500_15497500_ENST00000474854.1
clusterC20,EPICC_C548_B1_G10_D1,C548,NCOA3,CTTTTTATTT,T,5,1to5kb,chr20_47619794_47619794_ENST00000490248.1
clusterC20,EPICC_C548_C1_G3_D1,C548,HSPG2,GAAAAAGGAG,A,5,promoters,chr1_21872387_21872387_ENST00000644714.1
clusterC20,EPICC_C548_C1_G3_D1,C548,FBXW7,ATTTTTAGCA,T,5,promoters,chr4_152412107_152412107_ENST00000603841.1
clusterC20,EPICC_C548_C1_G3_D1,C548,JARID2,ATTAGCCGGG,T,2,1to5kb,chr6_15497500_15497500_ENST00000474854.1
clusterC20,EPICC_C548_C1_G3_D1,C548,NCOA3,CTTTTTATTT,T,5,1to5kb,chr20_47619794_47619794_ENST00000490248.1
clusterC20,EPICC_C548_D1_G1_D1,C548,HSPG2,GAAAAAGGAG,A,5,promoters,chr1_21872387_21872387_ENST00000644714.1
clusterC20,EPICC_C548_D1_G1_D1,C548,FBXW7,ATTTTTAGCA,T,5,promoters,chr4_152412107_152412107_ENST00000603841.1
clusterC20,EPICC_C548_D1_G1_D1,C548,JARID2,ATTAGCCGGG,T,2,1to5kb,chr6_15497500_15497500_ENST00000474854.1
clusterC20,EPICC_C548_D1_G1_D1,C548,NCOA3,CTTTTTATTT,T,5,1to5kb,chr20_47619794_47619794_ENST00000490248.1
clusterC20,EPICC_C548_C1_G7_D1,C548,HSPG2,GAAAAAGGAG,A,5,promoters,chr1_21872387_21872387_ENST00000644714.1
clusterC20,EPICC_C548_C1_G7_D1,C548,FBXW7,ATTTTTAGCA,T,5,promoters,chr4_152412107_152412107_ENST00000603841.1
clusterC20,EPICC_C548_C1_G7_D1,C548,JARID2,ATTAGCCGGG,T,2,1to5kb,chr6_15497500_15497500_ENST00000474854.1
clusterC20,EPICC_C548_C1_G7_D1,C548,NCOA3,CTTTTTATTT,T,5,1to5kb,chr20_47619794_47619794_ENST00000490248.1
clusterC20,EPICC_C548_A1_G10_D1,C548,HSPG2,GAAAAAGGAG,A,5,promoters,chr1_21872387_21872387_ENST00000644714.1
clusterC20,EPICC_C548_A1_G10_D1,C548,FBXW7,ATTTTTAGCA,T,5,promoters,chr4_152412107_152412107_ENST00000603841.1
clusterC20,EPICC_C548_A1_G10_D1,C548,JARID2,ATTAGCCGGG,T,2,1to5kb,chr6_15497500_15497500_ENST00000474854.1
clusterC20,EPICC_C548_A1_G10_D1,C548,NCOA3,CTTTTTATTT,T,5,1to5kb,chr20_47619794_47619794_ENST00000490248.1
clusterC20,EPICC_C548_E1_B1_D1,C548,JARID2,ATTAGCCGGG,T,2,1to5kb,chr6_15497500_15497500_ENST00000474854.1
clusterC20,EPICC_C548_B1_G4_D1,C548,HSPG2,GAAAAAGGAG,A,5,promoters,chr1_21872387_21872387_ENST00000644714.1
clusterC20,EPICC_C548_B1_G4_D1,C548,FBXW7,ATTTTTAGCA,T,5,promoters,chr4_152412107_152412107_ENST00000603841.1
clusterC20,EPICC_C548_B1_G4_D1,C548,JARID2,ATTAGCCGGG,T,2,1to5kb,chr6_15497500_15497500_ENST00000474854.1
clusterC20,EPICC_C548_B1_G4_D1,C548,NCOA3,CTTTTTATTT,T,5,1to5kb,chr20_47619794_47619794_ENST00000490248.1
clusterS,EPICC_C548_A1_G4_D1,C548,PRDM9,ATTTTCTGTT,T,4,1to5kb,chr5_23438961_23438961_ENST00000635252.1
clusterS,EPICC_C548_A1_G4_D1,C548,KDM5A,TAAAAATGGA,A,5,exons,chr12_284335_284335_ENST00000399788.7
clusterS,EPICC_C548_D1_G9_D1,C548,KDM5A,TAAAAATGGA,A,5,exons,chr12_284335_284335_ENST00000399788.7
clusterS,EPICC_C548_B1_G10_D1,C548,PRDM9,ATTTTCTGTT,T,4,1to5kb,chr5_23438961_23438961_ENST00000635252.1
clusterS,EPICC_C548_B1_G10_D1,C548,KDM5A,TAAAAATGGA,A,5,exons,chr12_284335_284335_ENST00000399788.7
clusterS,EPICC_C548_C1_G3_D1,C548,KDM5A,TAAAAATGGA,A,5,exons,chr12_284335_284335_ENST00000399788.7
clusterS,EPICC_C548_D1_G1_D1,C548,KDM5A,TAAAAATGGA,A,5,exons,chr12_284335_284335_ENST00000399788.7
clusterS,EPICC_C548_C1_G7_D1,C548,KDM5A,TAAAAATGGA,A,5,exons,chr12_284335_284335_ENST00000399788.7
clusterS,EPICC_C548_A1_G10_D1,C548,PRDM9,ATTTTCTGTT,T,4,1to5kb,chr5_23438961_23438961_ENST00000635252.1
clusterS,EPICC_C548_A1_G10_D1,C548,KDM5A,TAAAAATGGA,A,5,exons,chr12_284335_284335_ENST00000399788.7
clusterS,EPICC_C548_E1_B1_D1,C548,KDM5A,TAAAAATGGA,A,5,exons,chr12_284335_284335_ENST00000399788.7
clusterS,EPICC_C548_B1_G4_D1,C548,PRDM9,ATTTTCTGTT,T,4,1to5kb,chr5_23438961_23438961_ENST00000635252.1
clusterS,EPICC_C548_B1_G4_D1,C548,KDM5A,TAAAAATGGA,A,5,exons,chr12_284335_284335_ENST00000399788.7
clusterS,EPICC_C552_B1_G9_D1,C552,KDM5B,CAAGCTGGCA,A,2,1to5kb,chr1_202758575_202758575_ENST00000649929.1
clusterS,EPICC_C552_C1_G8_D1,C552,ATM,CAAAACCCCA,A,4,promoters,chr11_108222396_108222396_ENST00000527805.5
clusterS,EPICC_C552_C1_G9_D1,C552,KDM5B,CAAGCTGGCA,A,2,1to5kb,chr1_202758575_202758575_ENST00000649929.1
clusterS,EPICC_C552_C1_G9_D1,C552,ATM,CAAAACCCCA,A,4,promoters,chr11_108222396_108222396_ENST00000527805.5
clusterS,EPICC_C552_C1_G3_D1,C552,KDM5B,CAAGCTGGCA,A,2,1to5kb,chr1_202758575_202758575_ENST00000649929.1
clusterS,EPICC_C552_C1_G3_D1,C552,ATM,CAAAACCCCA,A,4,promoters,chr11_108222396_108222396_ENST00000527805.5
clusterC13,EPICC_C552_D1_G7_D1,C552,ARID1A,ATTTTTCTGG,T,5,1to5kb,chr1_26725271_26725271_ENST00000524572.1
clusterC13,EPICC_C552_D1_G7_D1,C552,ARID1A,ATTTTTCTGG,T,5,1to5kb,chr1_26725271_26725271_ENST00000524572.1
clusterC13,EPICC_C552_D1_G5_D1,C552,ARID1A,ATTTTTCTGG,T,5,1to5kb,chr1_26725271_26725271_ENST00000524572.1
clusterC13,EPICC_C552_D1_G5_D1,C552,ARID1A,ATTTTTCTGG,T,5,1to5kb,chr1_26725271_26725271_ENST00000524572.1
clusterC13,EPICC_C552_C1_G8_D1,C552,ARID1A,ATTTTTCTGG,T,5,1to5kb,chr1_26725271_26725271_ENST00000524572.1
clusterC13,EPICC_C552_C1_G8_D1,C552,ARID1A,ATTTTTCTGG,T,5,1to5kb,chr1_26725271_26725271_ENST00000524572.1
clusterC13,EPICC_C552_C1_G9_D1,C552,ARID1A,ATTTTTCTGG,T,5,1to5kb,chr1_26725271_26725271_ENST00000524572.1
clusterC13,EPICC_C552_C1_G9_D1,C552,ARID1A,ATTTTTCTGG,T,5,1to5kb,chr1_26725271_26725271_ENST00000524572.1
clusterC13,EPICC_C552_C1_G3_D1,C552,ARID1A,ATTTTTCTGG,T,5,1to5kb,chr1_26725271_26725271_ENST00000524572.1
clusterC13,EPICC_C552_C1_G3_D1,C552,ARID1A,ATTTTTCTGG,T,5,1to5kb,chr1_26725271_26725271_ENST00000524572.1
clusterC1,EPICC_C552_D1_G7_D1,C552,HDAC11,CTTTTTCCCT,T,5,promoters,chr3_13495773_13495773_ENST00000498532.5
clusterC1,EPICC_C552_D1_G5_D1,C552,HDAC11,CTTTTTCCCT,T,5,promoters,chr3_13495773_13495773_ENST00000498532.5
clusterC1,EPICC_C552_C1_G9_D1,C552,HDAC11,CTTTTTCCCT,T,5,promoters,chr3_13495773_13495773_ENST00000498532.5
clusterC20,EPICC_C552_D1_G7_D1,C552,CCDC6,CAAAAAGGCT,A,5,promoters,chr10_59806432_59806432_ENST00000491922.1
clusterC20,EPICC_C552_B1_G8_D1,C552,CCDC6,CAAAAAGGCT,A,5,promoters,chr10_59806432_59806432_ENST00000491922.1
clusterC20,EPICC_C552_D1_G5_D1,C552,CCDC6,CAAAAAGGCT,A,5,promoters,chr10_59806432_59806432_ENST00000491922.1
clusterC20,EPICC_C552_C1_G9_D1,C552,CCDC6,CAAAAAGGCT,A,5,promoters,chr10_59806432_59806432_ENST00000491922.1
clusterC31,EPICC_C552_A1_G1_D1,C552,FBXO10,CACTGCAACC,A,1,1to5kb,chr9_37594983_37594983_ENST00000537239.2
clusterC31,EPICC_C552_C1_G9_D1,C552,FBXO10,CACTGCAACC,A,1,1to5kb,chr9_37594983_37594983_ENST00000537239.2
clusterC22,EPICC_C552_D1_G7_D1,C552,KDM3A,TAAACTAACT,A,3,1to5kb,chr2_86454530_86454530_ENST00000488971.1
clusterC22,EPICC_C552_B1_G8_D1,C552,KDM3A,TAAACTAACT,A,3,1to5kb,chr2_86454530_86454530_ENST00000488971.1
clusterC22,EPICC_C552_D1_G5_D1,C552,KDM3A,TAAACTAACT,A,3,1to5kb,chr2_86454530_86454530_ENST00000488971.1
clusterC22,EPICC_C552_C1_G9_D1,C552,KDM3A,TAAACTAACT,A,3,1to5kb,chr2_86454530_86454530_ENST00000488971.1
clusterC22,EPICC_C552_C1_G3_D1,C552,KDM3A,TAAACTAACT,A,3,1to5kb,chr2_86454530_86454530_ENST00000488971.1
clusterC12,EPICC_C552_D1_G7_D1,C552,ARID1A,TAAAAATACA,A,5,promoters,chr1_26765702_26765702_ENST00000430291.2
clusterC12,EPICC_C552_D1_G7_D1,C552,ARID1A,TAAAAATACA,A,5,promoters,chr1_26765702_26765702_ENST00000430291.2
clusterC12,EPICC_C552_D1_G7_D1,C552,CHD3,GTTTTTCAGG,T,5,1to5kb,chr17_7900289_7900289_ENST00000470531.5
clusterC12,EPICC_C552_B1_G9_D1,C552,ARID1A,TAAAAATACA,A,5,promoters,chr1_26765702_26765702_ENST00000430291.2
clusterC12,EPICC_C552_B1_G9_D1,C552,ARID1A,TAAAAATACA,A,5,promoters,chr1_26765702_26765702_ENST00000430291.2
clusterC12,EPICC_C552_D1_G5_D1,C552,ARID1A,TAAAAATACA,A,5,promoters,chr1_26765702_26765702_ENST00000430291.2
clusterC12,EPICC_C552_D1_G5_D1,C552,ARID1A,TAAAAATACA,A,5,promoters,chr1_26765702_26765702_ENST00000430291.2
clusterC12,EPICC_C552_D1_G5_D1,C552,CHD3,GTTTTTCAGG,T,5,1to5kb,chr17_7900289_7900289_ENST00000470531.5
clusterC12,EPICC_C552_C1_G9_D1,C552,ARID1A,TAAAAATACA,A,5,promoters,chr1_26765702_26765702_ENST00000430291.2
clusterC12,EPICC_C552_C1_G9_D1,C552,ARID1A,TAAAAATACA,A,5,promoters,chr1_26765702_26765702_ENST00000430291.2
clusterC12,EPICC_C552_C1_G9_D1,C552,CHD3,GTTTTTCAGG,T,5,1to5kb,chr17_7900289_7900289_ENST00000470531.5
clusterC12,EPICC_C552_C1_G3_D1,C552,ARID1A,TAAAAATACA,A,5,promoters,chr1_26765702_26765702_ENST00000430291.2
clusterC12,EPICC_C552_C1_G3_D1,C552,ARID1A,TAAAAATACA,A,5,promoters,chr1_26765702_26765702_ENST00000430291.2
clusterC12,EPICC_C552_C1_G3_D1,C552,CHD3,GTTTTTCAGG,T,5,1to5kb,chr17_7900289_7900289_ENST00000470531.5
clusterC29,EPICC_C552_D1_G7_D1,C552,SMYD4,ATTTGTTCAT,T,3,1to5kb,chr17_1788756_1788756_ENST00000476292.1
clusterC29,EPICC_C552_B1_G10_D1,C552,SMYD4,ATTTGTTCAT,T,3,1to5kb,chr17_1788756_1788756_ENST00000476292.1
clusterC29,EPICC_C552_A1_G1_D1,C552,SMYD4,ATTTGTTCAT,T,3,1to5kb,chr17_1788756_1788756_ENST00000476292.1
clusterC29,EPICC_C552_B1_G8_D1,C552,SMYD4,ATTTGTTCAT,T,3,1to5kb,chr17_1788756_1788756_ENST00000476292.1
clusterC29,EPICC_C552_C1_G8_D1,C552,SMYD4,ATTTGTTCAT,T,3,1to5kb,chr17_1788756_1788756_ENST00000476292.1
clusterC29,EPICC_C552_C1_G9_D1,C552,SMYD4,ATTTGTTCAT,T,3,1to5kb,chr17_1788756_1788756_ENST00000476292.1
clusterC29,EPICC_C552_D1_G5_D1,C552,SMYD4,ATTTGTTCAT,T,3,1to5kb,chr17_1788756_1788756_ENST00000476292.1
clusterC29,EPICC_C552_B1_G9_D1,C552,SMYD4,ATTTGTTCAT,T,3,1to5kb,chr17_1788756_1788756_ENST00000476292.1
clusterC29,EPICC_C552_F1_B2_D1,C552,SMYD4,ATTTGTTCAT,T,3,1to5kb,chr17_1788756_1788756_ENST00000476292.1
clusterC29,EPICC_C552_C1_G1_D1,C552,SMYD4,ATTTGTTCAT,T,3,1to5kb,chr17_1788756_1788756_ENST00000476292.1
clusterC29,EPICC_C552_C1_G3_D1,C552,SMYD4,ATTTGTTCAT,T,3,1to5kb,chr17_1788756_1788756_ENST00000476292.1
clusterC24,EPICC_C552_D1_G7_D1,C552,SMAD2,ATTTTTAAGG,T,5,promoters,chr18_47887331_47887331_ENST00000587353.5
clusterC24,EPICC_C552_B1_G10_D1,C552,SMAD2,ATTTTTAAGG,T,5,promoters,chr18_47887331_47887331_ENST00000587353.5
clusterC24,EPICC_C552_B1_G8_D1,C552,SMAD2,ATTTTTAAGG,T,5,promoters,chr18_47887331_47887331_ENST00000587353.5
clusterC24,EPICC_C552_C1_G8_D1,C552,SMAD2,ATTTTTAAGG,T,5,promoters,chr18_47887331_47887331_ENST00000587353.5
clusterC24,EPICC_C552_C1_G9_D1,C552,SMAD2,ATTTTTAAGG,T,5,promoters,chr18_47887331_47887331_ENST00000587353.5
clusterC24,EPICC_C552_D1_G5_D1,C552,SMAD2,ATTTTTAAGG,T,5,promoters,chr18_47887331_47887331_ENST00000587353.5
clusterC24,EPICC_C552_C1_G1_D1,C552,SMAD2,ATTTTTAAGG,T,5,promoters,chr18_47887331_47887331_ENST00000587353.5
clusterC24,EPICC_C552_C1_G3_D1,C552,SMAD2,ATTTTTAAGG,T,5,promoters,chr18_47887331_47887331_ENST00000587353.5
clusterC27,EPICC_C552_D1_G7_D1,C552,KAT2A,TAAAAACACA,A,5,1to5kb,chr17_42123534_42123534_ENST00000225916.10
clusterC27,EPICC_C552_B1_G10_D1,C552,KAT2A,TAAAAACACA,A,5,1to5kb,chr17_42123534_42123534_ENST00000225916.10
clusterC27,EPICC_C552_B1_G8_D1,C552,KAT2A,TAAAAACACA,A,5,1to5kb,chr17_42123534_42123534_ENST00000225916.10
clusterC27,EPICC_C552_D1_G5_D1,C552,KAT2A,TAAAAACACA,A,5,1to5kb,chr17_42123534_42123534_ENST00000225916.10
clusterC27,EPICC_C552_C1_G9_D1,C552,KAT2A,TAAAAACACA,A,5,1to5kb,chr17_42123534_42123534_ENST00000225916.10
clusterC27,EPICC_C552_C1_G8_D1,C552,KAT2A,TAAAAACACA,A,5,1to5kb,chr17_42123534_42123534_ENST00000225916.10
clusterC27,EPICC_C552_B1_G9_D1,C552,KAT2A,TAAAAACACA,A,5,1to5kb,chr17_42123534_42123534_ENST00000225916.10
clusterC27,EPICC_C552_C1_G1_D1,C552,KAT2A,TAAAAACACA,A,5,1to5kb,chr17_42123534_42123534_ENST00000225916.10
clusterC27,EPICC_C552_C1_G3_D1,C552,KAT2A,TAAAAACACA,A,5,1to5kb,chr17_42123534_42123534_ENST00000225916.10
clusterS,EPICC_C562_A1_G7_D1,C562,SMYD1,GAAAAGGGTG,A,4,promoters,chr2_88067315_88067315_ENST00000444564.2
clusterS,EPICC_C562_A1_G3_D1,C562,SMYD1,GAAAAGGGTG,A,4,promoters,chr2_88067315_88067315_ENST00000444564.2
clusterS,EPICC_C562_D1_G2_D1,C562,SMYD1,GAAAAGGGTG,A,4,promoters,chr2_88067315_88067315_ENST00000444564.2
clusterS,EPICC_C562_D1_G3_D1,C562,SMYD1,GAAAAGGGTG,A,4,promoters,chr2_88067315_88067315_ENST00000444564.2
clusterS,EPICC_C562_A1_G5_D1,C562,SMYD1,GAAAAGGGTG,A,4,promoters,chr2_88067315_88067315_ENST00000444564.2
clusterC21,EPICC_C562_A1_G7_D1,C562,HINFP,ATTTTTAGTA,T,5,1to5kb,chr11_119120234_119120234_ENST00000350777.7
clusterC21,EPICC_C562_A1_G3_D1,C562,HINFP,ATTTTTAGTA,T,5,1to5kb,chr11_119120234_119120234_ENST00000350777.7
clusterC21,EPICC_C562_B1_G4_D1,C562,HINFP,ATTTTTAGTA,T,5,1to5kb,chr11_119120234_119120234_ENST00000350777.7
clusterC21,EPICC_C562_D1_G6_D1,C562,HINFP,ATTTTTAGTA,T,5,1to5kb,chr11_119120234_119120234_ENST00000350777.7
clusterC21,EPICC_C562_B1_G2_D1,C562,HINFP,ATTTTTAGTA,T,5,1to5kb,chr11_119120234_119120234_ENST00000350777.7
clusterC21,EPICC_C562_A1_G5_D1,C562,HINFP,ATTTTTAGTA,T,5,1to5kb,chr11_119120234_119120234_ENST00000350777.7